,0
Dorchester,1
Oak Park,1
San Francisco,3
Milton,1
Keller,1
Northridge,1
Cypress,2
Stamford,3
Plantation,1
Far Hills,1
Medfield,1
Duxbury,1
Wellesley,1
Darien,2
Los Angeles,3
Washington,1
Houston,3
Manhattan Beach,1
Andover,1
Katy,1
Toronto,2
Nashville-Davidson,1
Fulshear,1
Douglasville,1
Del Mar,1
Huntington Beach,1
Los Gatos,1
Pacific Palisades,3
Alpharetta,1
Etobicoke,1
Brooklyn,2
Richmond,1
Ottawa,1
Randolph,1
Lexington,3
Denver,2
Folsom,1
Tarzana,1
O’Fallon,1
,7
Brampton,1
Columbus,2
La Jolla,2
Woodstock,1
Redondo Beach,1
Havertown,1
Guaynabo,1
Winston-Salem,1
Mission Viejo,1
Johnson City,1
Valencia,1
Briarcliff Manor,1
Parkland,1
Charlotte,1
Waco,1
Ataşehir,1
Newton,2
Bankeryd,1
Lincoln University,1
San Ramon,1
Williamstown,1
Hacienda Heights,1
Brookfield,1
Union City,1
Arlington Heights,1
Singapore,1
Wien,1
Chicago Lawn,1
Cupertino,1
Allentown,1
Mechanicsburg,1
Carmel,1
Jackson,1
Arvada,1
القاهرة,2
Belmont,4
Winchester,1
Var,1
Oakville,1
Newton Square,1
Edison,1
Norwalk,1
Bethesda,2
South Orange,1
Calgary,1
Tadley,1
London,11
Greenwich,4
Salisbury,2
Westport,1
Sydney,2
Hamilton,2
Montclair,1
Banbury,1
Amsterdam,1
Sarasota Heights,2
Hattingen,1
Weston,1
St. Louis,2
Arlington,3
South Setauket,1
Summit,1
Kurraba Point,1
Slough,1
Seattle,2
Barrington,1
City of Melbourne,1
South Yarra,1
Clear Creek,1
Moraga,1
Portland,1
Berkeley,1
Stillwater,1
Needham,1
Ramstein,1
Alexandria,1
Cape Town,1
Hamburg,1
Brookline,3
Port Washington,1
Newtown,1
New York,2
Potomac,1
Fenwick,1
Cambridge,1
Dallas,1
Austin,1
South Miami Heights,1
Menlo Park,1
Hobe Sound,1
Manhasset,1
İstanbul,1
Newport Beach,1
Anchorage,1
Reeders,1
Minneapolis,1
Danville,1
Locust Valley,1
Cranston,1
Palo Alto,1
Buffalo,1
Beverly Hills,1
Oslo,1
Dunbarton,1
New Albany,1
Sudbury,1
Berlin,1
North Charleston,1
Devon,1
Swindon,1
Princeton Junction,1
Manchester-by-the-Sea,1
Suffield,1
Waterloo,1
Roseville,1
Kalaheo,1
Yarmouth,1
Frederick,1
Cleveland,1
Greensboro,1
Αθήνα,1
Derby,1
Plattsburgh,1
Wilmington,1
